{"_wandb":{"runtime":556},"Discriminator_loss":0.03171677887439728,"Discriminator_real_loss":0.03171677887439728,"Discriminator_fake_loss":0.03171677887439728,"_timestamp":1.7365191863074613e+09,"Generated_image":{"_type":"images/separated","width":32,"height":32,"format":"png","count":1,"filenames":["media/images/Generated_image_15666_2c01f7e92250ea63f4a2.png"]},"_step":16189,"_runtime":540.352359141,"Generator_loss":3.0544273853302}